3511HC	26
3511HC	26	BS
3511HC	28
3511HC	30	BS
3511HC	32	BS
3511HC	34	A
3511HC	34	B
3511HC	34	C
3511HC	34	D
3511HC	34	E
3511HC	36	BS
3511HC	36	BSA

3521EC	17
3521EC	19
3521EC	21
3521EC	23
3521EC	25
3521EC	27
3521EC	29
3521EC	31
3521EC	33
3521EC	35
3521EC	37
3521EC	39
3521EC	41
3521EC	43
3521EC	45
3521EC	47
3521EC	49
3521EC	51
3521EC	53
3521EC	55
3521EC	57
3521EC	59

3521VX	90
3521VX	90	BS
3521VX	92
3521VX	92	BS
3521VX	94
3521VX	94	BS
3521VX	96
3521VX	96	BS
3521VX	98
3521VX	98	BS
3521VX	100
3521VX	100	BS
3521VX	102
3521VX	102	BS
3521VX	104
3521VX	104	BS
3521VX	106
3521VX	106	BS
3521VX	108
3521VX	108	BS

3522AB	21
3522AB	23
3522AB	25
3522AB	27
3522AB	29
3522AB	31
3522AB	33
3522AB	35
3522AB	37
3522AB	39
3522AB	41
3522AB	41	A
3522AB	41	B
3522AB	43
3522AB	43	BS
3522AB	45
3522AB	45	BS
3522AB	47
3522AB	47	A
3522AB	47	B
3522AB	47	C
3522AB	49

3524CS	245
3524CS	247
3524CS	249
3524CS	251
3524CS	253
3524CS	255
3524CS	257
3524CS	259
3524CS	261
3524CS	263
3524CS	265
3524CS	267
3524CS	269
3524CS	271
3524CS	273
3524CS	275

3524DZ	102
3524DZ	104
3524DZ	106
3524DZ	108
3524DZ	110
3524DZ	112
3524DZ	114
3524DZ	116
3524DZ	118
3524DZ	120
3524DZ	122
3524DZ	124
3524DZ	126
3524DZ	128
3524DZ	130
3524DZ	132
3524DZ	134
3524DZ	136
3524DZ	138
3524DZ	140
3524DZ	142
3524DZ	144
3524DZ	146
3524DZ	148
3524DZ	150
3524DZ	152
3524DZ	154
3524DZ	156
3524DZ	158
3524DZ	160
3524DZ	162
3524DZ	164
3524DZ	166
3524DZ	168
3524DZ	170
3524DZ	172
3524DZ	174
3524DZ	176
3524DZ	178
3524DZ	180
3524DZ	182

3524TH	54
3524TH	56
3524TH	58
3524TH	60
3524TH	62
3524TH	74
3524TH	76
3524TH	78
3524TH	80
3524TH	82

3524WK	4
3524WK	6
3524WK	8
3524WK	10
3524WK	12
3524WK	16
3524WK	20
3524WK	24
3524WK	26
3524WK	30
3524WK	34
3524WK	36
3524WK	40
3524WK	44
3524WK	46
3524WK	48
3524WK	50
3524WK	54
3524WK	56
3524WK	60
3524WK	62
3524WK	66
3524WK	70
3524WK	72
3524WK	76

3531CJ	225	BS
3531CJ	227
3531CJ	227	BS
3531CJ	229
3531CJ	229	BS
3531CJ	231
3531CJ	231	BS
3531CJ	233
3531CJ	233	BS
3531CJ	235
3531CJ	235	BS
3531CJ	237
3531CJ	237	BS
3531CJ	239
3531CJ	239	BS
3531CJ	241
3531CJ	241	BS
3531CJ	243
3531CJ	243	BS
3531CJ	243	BSA

3531EB	2
3531EB	2	BS
3531EB	2	BSA
3531EB	4
3531EB	4	BS
3531EB	6
3531EB	6	BS
3531EB	8
3531EB	8	BS
3531EB	8	BSA
3531EB	10
3531EB	10	BS
3531EB	10	BSA
3531EB	12
3531EB	12	BS
3531EB	14
3531EB	14	BS
3531EB	16
3531EB	16	BS
3531EB	16	BSA
3531EB	18
3531EB	18	BS
3531EB	18	BSA
3531EB	20
3531EB	20	BS

3764TE	101
3764TE	103
3764TE	105
3764TE	107
3764TE	109
3764TE	111
3764TE	113
3764TE	115
3764TE	117
3764TE	119
3764TE	121
3764TE	123
3764TE	125
3764TE	127
3764TE	129
3764TE	131
3764TE	133
3764TE	135
3764TE	137
3764TE	137	A
3764TE	157
3764TE	163
3764TE	163	A

#3817TG	2
#3817TG	4
#3817TG	6
#3817TG	8
#3817TG	10
#3817TG	12
#3817TG	14
#3817TG	16
#3817TG	18
#3817TG	20
#3817TG	22
#3817TG	24
#3817TG	26
#3817TG	28
#3817TG	30
#3817TG	32
#3817TG	34
#3817TG	36
#3817TG	38
#3817TG	40
#3817TG	42
#3817TG	42	A
#3817TG	44
#3817TG	46
#3817TG	48
#3817TG	50
#3817TG	52
#3817TG	54
#3817TG	56
#3817TG	58

#4007VE	126
#4007VE	128
#4007VE	130
#4007VE	132
#4007VE	134
#4007VE	136
#4007VE	138
#4007VE	140
#4007VE	142
#4007VE	144
#4007VE	146
#4007VE	148
#4007VE	150
#4007VE	152
#4007VE	154
#4007VE	156
#4007VE	168
#4007VE	160
#4007VE	162
#4007VE	164
#4007VE	166
#4007VE	170
#4007VE	172
#4007VE	176
#4007VE	178
#4007VE	180
#4007VE	182
#4007VE	184
#4007VE	186
#4007VE	188
#4007VE	190
#4007VE	192
#4007VE	194
#4007VE	196
#4007VE	198
#4007VE	200
#4007VE	202
#4007VE	204
#4007VE	206
#4007VE	208
#4007VE	210
#4007VE	212
#4007VE	214
#4007VE	216
#4007VE	218
#4007VE	220
#4007VE	222
#4007VE	224
#4007VE	226
#4007VE	228
#4007VE	230
#4007VE	232

5046TK	2
5046TK	4
5046TK	6
5046TK	10
5046TK	12
5046TK	14
5046TK	16
5046TK	18
5046TK	20
5046TK	22
5046TK	24
5046TK	26
5046TK	28
5046TK	30
5046TK	44
5046TK	48
5046TK	50
5046TK	52
5046TK	54
5046TK	56
5046TK	58
5046TK	60
5046TK	62
5046TK	64
5046TK	66

#5247KV	1
#5247KV	3
#5247KV	4
#5247KV	5
#5247KV	6
#5247KV	7
#5247KV	8
#5247KV	9
#5247KV	10
#5247KV	11
#5247KV	12
#5247KV	13
#5247KV	14
#5247KV	15
#5247KV	16
#5247KV	17
#5247KV	18
#5247KV	19
#5247KV	21
#5247KV	23
#5247KV	25
#5247KV	27
#5247KV	29
#5247KV	31
#5247KV	33
#5247KV	35
